file_name,category,description,transparent,suggested_web_usage,suggested_relative_size,source_sheet,pixel_size,notes
baima_lijia_village.png,scenes,白马李家村落、老屋、石墙、树木与孩童的完整场景,yes,地图主场景/起点,large,sheet2,362x337,组合场景；保留完整环境关系
arcade.png,scenes,游戏机厅建筑与门口人物,yes,城市地点节点,medium,sheet2,245x284,组合场景
hengyuanxiang_shop.png,scenes,恒源祥保暖内衣小店,yes,城市地点节点,medium,sheet2,235x225,组合场景
gandong_overpass_bamboo_bed_father_child.png,scenes,天桥、竹床、父亲与孩子,yes,核心记忆场景,large,sheet2,355x270,人物与竹床/天桥不可无损分离，保留组合
yaya_store_two_floor_cutaway.png,scenes,银座广场鸭鸭羽绒服一楼店铺二楼生活剖面,yes,最大核心场景,large,sheet2,290x361,完整组合场景
old_apartment.png,scenes,学校附近老式小区,yes,结尾地点节点,medium,sheet1,245x215,含道路与树木环境
city_transition_bus_skyline.png,scenes,公交车、进城路牌与城市天际线,yes,农村到城市过渡,wide,sheet1,445x121,组合转场素材
xiaohei_dog.png,people_animals,小黑趴在石头路沿旁,yes,可点击动物热点,small,sheet1,160x120,含饭碗和少量石头环境
grandfather.png,people_animals,坐在桌边的爷爷,yes,人物热点,small,sheet1,78x120,从爷爷奶奶同桌组合中单独裁取，边缘可能含桌面
grandmother.png,people_animals,坐在桌边的奶奶,yes,人物热点,small,sheet1,80x120,从爷爷奶奶同桌组合中单独裁取，边缘可能含桌面
village_kids.png,people_animals,村里孩子一起玩耍,yes,童年伙伴节点,medium,sheet2,220x165,组合人物
father_child_bamboo_bed.png,people_animals,竹床上的父亲与孩子,yes,核心人物热点,medium,sheet2,330x185,保留竹床，避免破坏人物轮廓
family_shop_people.png,people_animals,家人在羽绒服店内忙碌,yes,店铺生活热点,medium,sheet2,290x225,组合人物与店内环境
marbles.png,childhood_actions,孩子们在地上玩弹珠,yes,活动热点,medium,sheet2,215x160,组合动作场景
tree_climbing_cicada.png,childhood_actions,爬树抓知了,yes,活动热点,medium,sheet2,155x300,纵向组合场景
reservoir_swimming.png,childhood_actions,水库游泳的多个记忆画面,yes,活动热点,medium,sheet2,205x300,母版中多个游泳画面紧邻，保留组合
crayfish_fishing.png,childhood_actions,河边钓小龙虾,yes,活动热点,medium,sheet1,230x220,场景化组合素材
sweet_potato_roasting.png,childhood_actions,伙伴挖红薯、烤红薯,yes,活动热点,medium,sheet2,235x170,组合动作场景
friends_snacks.png,childhood_actions,伙伴围坐分享零食,yes,活动热点,medium,sheet2,180x160,组合动作场景
banana_gas_station.png,childhood_actions,香蕉与加油站记忆,yes,活动/地点小节点,medium,sheet1,180x122,母版中香蕉和加油站相邻，组合交付
potato_braised_meat.png,food_objects,土豆烧肉,yes,味觉热点,small,sheet1,92x78,
steamed_egg.png,food_objects,蒸蛋,yes,味觉热点,small,sheet1,82x75,
gui_yuan_egg_soup.png,food_objects,桂圆鸡蛋汤,yes,早餐味觉热点,small,sheet1,80x75,
spicy_strip.png,food_objects,辣条零食,yes,童年食物点缀,small,sheet2,100x75,
sweet_potato.png,food_objects,红薯,yes,活动/食物点缀,small,sheet1,95x85,
cicada.png,food_objects,知了,yes,自然/活动点缀,small,sheet1,65x90,
crayfish.png,food_objects,小龙虾,yes,活动/食物点缀,small,sheet1,105x80,
bananas.png,food_objects,一串香蕉,yes,活动/地点点缀,small,sheet1,82x70,
coins.png,food_objects,散落硬币,yes,游戏机厅声音节点,small,sheet1,100x70,
tv.png,food_objects,老式电视机,yes,少儿频道热点,small,sheet1,117x95,
snow.png,food_objects,窗外大雪与雪花,yes,天气热点/局部环境变化,small,sheet1,152x170,组合了窗景和雪花
bamboo_bed.png,food_objects,竹床与父子记忆,yes,触感核心热点,medium,sheet2,320x180,无法从人物下无损抽离，作为组合素材
arcade_machine.png,food_objects,立式街机,yes,游戏机厅点缀,small,sheet2,80x120,
down_jacket.png,food_objects,红色羽绒服,yes,店铺商品点缀,small,sheet1,80x185,
torn_paper_title.png,map_ui,撕边纸标题：我记得的小时候,yes,地图标题,medium,sheet1,303x184,
tape_pieces_set.png,map_ui,多种胶带纸片合集,yes,装饰层,small,sheet1,285x130,多个微小胶带紧邻，保留组合素材
stamps_set.png,map_ui,红色印章与圆形标记,yes,地图装饰/档案感,small,sheet1,150x159,组合素材
numbered_location_labels_01_07.png,map_ui,地点编号标签 01–07,yes,地点导航/图例,wide,sheet1,975x75,七个标签紧邻，保留整组以避免损坏文字
city_arrow.png,map_ui,市区方向箭头与返回箭头,yes,路线导向,small,sheet2,145x90,包含双向箭头组合
dotted_route_segments.png,map_ui,红蓝虚线与手绘路线片段,yes,地图路线装饰,medium,sheet2,250x190,路线彼此交叠，组合交付
footprints.png,map_ui,脚印/步行路线装饰,yes,路线点缀,small,sheet1,115x135,
pushpins_hotspots.png,map_ui,彩色图钉与热点标记,yes,可点击热点,small,sheet1,175x90,多个图钉组合
memory_senses_icons.png,map_ui,Memory Senses 图例和图标,yes,感官图例,small,sheet2,125x240,文字与图标为一体，保留组合
memory_card_background.png,map_ui,记忆卡片完整背景框,yes,弹出记忆卡,medium,sheet2,215x250,保留卡片框和内层透明窗口
previous_next_buttons.png,map_ui,上一段记忆/下一段记忆按钮,yes,记忆导航,wide,sheet1,340x91,左右按钮组合
memories_progress.png,map_ui,MEMORIES 3/8 进度牌,yes,阅读进度,small,sheet1,142x107,
paper_notes.png,map_ui,两张手写纸质便签,yes,叙事注释,wide,sheet1,505x142,两张便签相邻，组合交付
ticket_receipt_tags.png,map_ui,公交票、收据、时间标签,yes,城市档案装饰,wide,sheet1,365x120,多个票据紧邻，组合交付